<?xml version="1.0" encoding="UTF-8"?>
<odoo>
    
    <record id="hr_expense_form_view_extension" model="ir.ui.view">
            <field name="name">hr.expense</field>
            <field name="inherit_id" ref="hr_expense.hr_expense_form_view" />
            <field name="model">hr.expense</field>
            <field name="arch" type="xml">

              <button name="submit_expenses" position="replace"  >
                <button name="submit_expenses" states="draft" string="Submit" type="object" class="oe_highlight o_expense_submit"/>
              </button>

                <field name="tax_ids" position="attributes"  >
                      <attribute name="invisible">1</attribute>
                </field>

                <field name="account_id" position="attributes"  >
                      <attribute name="invisible">1</attribute>
                </field>

                <field name="payment_mode" position="attributes"  >
                      <attribute name="invisible">1</attribute>
                </field>

                <field name="quantity" position="attributes"  >
                      <attribute name="invisible">1</attribute>
                </field>

                <field name="employee_id" position="attributes"  >
                      <attribute name="readonly">1</attribute>
                </field>

                <field name="employee_id" position="attributes"  >
                       <attribute name="options">{'no_create': True,'no_open': True}</attribute>
                </field>

                <field name="currency_id" position="attributes"  >
                       <attribute name="options">{'no_create': True,'no_open': True}</attribute>
                </field>

                <field name="currency_id" position="attributes"  >
                       <attribute name="invisible">1</attribute>
                </field>

                 <field name="product_uom_id" position="attributes"  >
                       <attribute name="invisible">1</attribute>
                </field>

                <field name="employee_id" position="after"  >
                  <field name="manager_id"  options="{'no_create': True, 'no_open': True}" 
                         readonly="1" attrs="{'invisible': [('claimed_amount','&gt;','grade_amount')]}" /> 
                  <field name="work_location" attrs="{'readonly': [('state','!=','draft')]}" />

                </field>

                <field name="state"  position="replace">
                  <field name="state" widget="statusbar" statusbar_visible="draft" />
                </field>

                <field name="date" position="replace"  />

                <field name="total_amount" position="attributes"  >
                      <attribute name="invisible">0</attribute>
                </field>

                <field name="company_id" position="attributes">
                      <attribute name="invisible">1</attribute>
                </field>

                <xpath expr="//label[@for='payment_mode']" position="attributes">
                    <attribute name="invisible">1</attribute>
                </xpath>

                <xpath expr="//label[@for='quantity']" position="attributes">
                    <attribute name="invisible">1</attribute>
                </xpath>

                <field name="name" position="replace"  />
                <field name="product_id" position="replace"  />
                <label for="name" position="replace" />

                <xpath expr="/form/sheet/div[1]" position="after" >
                  <div class="oe_title">
                    <label  string="Expense Date"/>
                    <h2>
                        <field name="date" required="1" 
                          attrs="{'readonly': ['|',('state','=','reported'),('meeting_boolean','!=',False)]}"/>
                    </h2>
                    <a><hr style="color:black;" /></a>
                    <label string="Expenses Type"/>
                    <h2>
                        <field name="product_id"   options="{'no_create': True, 'no_open': True}"  autofocus="1" widget='selection'  style='width: 86%;'
                          attrs="{'readonly': [('can_edit_name', '=', False),('state','!=','draft')]}" />
                    </h2>
                    <a><hr style="color:black;" /></a>
                    <field name="name" invisible="1"/>
                    <group>
                       <field name="fixed_asset"  invisible="1" />
                       <field name="once_only"  invisible="1" />
                       <field name="can_edit_name" invisible="1"/>
                       <field name="posted_bool" invisible="1"/>
                    </group>
                    
                  </div>

                </xpath>

                <field name="reference"  position="after">
                  <field name="grade_id" readonly='True' options="{'no_create': True, 'no_open': True}" />
                </field>

                <!-- <field name="reference"  position="attributes">
                    <attribute name="readonly">[('posted_bool','!=',False)]</attribute>
                </field> -->

                <field name="unit_amount"  position="replace">
                  <field name="claimed_amount" attrs="{'readonly': [('state','!=','draft')]}"/>
                  <field name="unit_amount" string="Amount" groups='hr_expense.group_hr_expense_manager' />
                  <field name="grade_amount" string="Amount (As per Grade)" attrs="{'readonly': [('product_id','!=',False)]}"/>

                  <!-- attrs="{'readonly': [('unit_amount','!=',False)]}" -->
                  
                  <field name="meeting_id" string="Link to CRM Meetings (Visit)" required="1" 
                          attrs="{'readonly': ['|',('state','=','reported'),('meeting_boolean','!=',False)]}" widget='selection' />
                  <field name="meeting_address" attrs="{'readonly': [('state','!=','draft')],'invisible': [('meeting_address','=',False)]}" />
                  <field name="expense_attachments" widget='many2many_binary' 
                          attrs="{'readonly': [('posted_bool','!=',False)]}" />
                   <field name="week_no" invisible="1"/> 
                  <field name="backdate_alert" invisible="1"/> 
                  <field name="meeting_boolean" invisible="1"/> 
                </field>

                <xpath expr="/form/sheet/div[1]" position="attributes" >
                      <attribute name="invisible">1</attribute>
                </xpath>


            </field>
        </record>


        <record id="hr_expense_form_view_extension2" model="ir.ui.view">
            <field name="name">hr.expense</field>
            <field name="inherit_id" ref="sales_meet.hr_expense_form_view_extension" />
            <field name="groups_id" eval="[(6,0, [ref('hr_expense.group_hr_expense_manager')])]" />
            <field name="model">hr.expense</field>
            <field name="arch" type="xml">

              <field name="unit_amount" position="attributes"  >
                    <attribute name="readonly">0</attribute>
              </field>

              <field name="product_id" position="attributes"  >
                    <attribute name="readonly">0</attribute>
              </field>

            </field>
        </record>

        <record id="view_expenses_tree_extension" model="ir.ui.view">
            <field name="name">hr.expense.tree</field>
            <field name="inherit_id" ref="hr_expense.view_expenses_tree" />
            <field name="model">hr.expense</field>
            <field name="arch" type="xml">

                <xpath expr="//tree[1]" position="attributes">
                     <attribute name="colors">red:backdate_alert==True;</attribute>
                </xpath>
                <xpath expr="//tree[1]" position="attributes">
                     <attribute name="limit">10</attribute>
                </xpath>

                <field name="employee_id" position="before" >
                    <field name="product_id" string="Expenses Type"/>    
                </field>

                <field name="state" position="after" >
                    <field name="week_no"/>    
                    <field name="backdate_alert"/>

                </field>

            </field>
        </record>

        <record id="view_hr_expense_sheet_form_extension" model="ir.ui.view">
            <field name="name">hr.expense.sheet.form</field>
            <field name="inherit_id" ref="hr_expense.view_hr_expense_sheet_form" />
            <field name="model">hr.expense.sheet</field>
            <field name="arch" type="xml">


                <!-- <button name="action_get_attachment_view" position="before">
                    <button name="action_get_meeting"
                        class="oe_stat_button"
                        icon="fa-calendar"
                        type="object" string="Back To Meeting"/>
                        <a><hr style="color:black;" /></a>
                </button> -->


                <button name="approve_expense_sheets"  position="before">
                  <button name="action_save" type="object" string="Save &amp; Close" class="oe_highlight" 
                    attrs="{'invisible': [('expense_submit','=',True)]}"/>

                  <button name="approve_expense_sheets_manager"  string="Manager Approve" type="object" class="oe_highlight o_expense_sheet_approve"
                     attrs="{'invisible': ['|',('parent_id','=',False),('state','=','manager_approve')]}" />
                </button>

                <button name="approve_expense_sheets"  position="replace">
                    <button name="approve_expense_sheets" states="submit,manager_approve" string="Approve" type="object" groups="hr_expense.group_hr_expense_user" class="oe_highlight o_expense_sheet_approve"/>
                </button>


                <button name="%(hr_expense.hr_expense_refuse_wizard_action)d"  position="replace" >
                  <button name="%(hr_expense.hr_expense_refuse_wizard_action)d" states="submit,manager_approve" string="Refuse" type="action" />
                </button>

                <field name="state"  position="replace">
                  <field name="state" widget="statusbar" statusbar_visible="draft,submit" />
                </field>


                <xpath expr="//tree[1]" position="attributes">
                     <attribute name="create">false</attribute>
                </xpath>

                <xpath expr="//tree[1]" position="attributes">
                     <attribute name="delete">false</attribute>
                </xpath>

                <xpath expr="//tree[1]" position="attributes">
                     <attribute name="colors">black:grade_amount==0.0;red:total_amount&gt;grade_amount;</attribute>
                </xpath>

                <field name="name" position="replace"  >
                      <field name="name" placeholder="e.g. Travelling expense" style="width:86%" 
                        attrs="{'readonly': [('can_edit_name', '=', False)]}"/>
                      <!-- <field name="manager_approve" style="color: red;" states="submit,manager_approve" readonly="1" attrs="{'invisible':[('parent_id','=',False)]}"  /> -->
                </field>


                <xpath expr="//field[@name='attachment_number']" position="attributes">
                    <attribute name="invisible">1</attribute>
                </xpath>

                <field name="tax_ids" position="attributes">
                      <attribute name="invisible">1</attribute>
                </field>

                <field name="analytic_account_id" position="before">
                      <field name="meeting_id" />
                </field>

                <field name="tax_ids" position="before">
                  <field name="expense_attachments" />
                  <field name="grade_id" />
                  <field name="claimed_amount" invisible="1"/>
                  <field name="grade_amount" />
                </field>

                <button name="action_get_attachment_view"  position="attributes">
                    <attribute name="invisible">1</attribute>
                </button>

                 <field name="attachment_number" position="attributes">
                      <attribute name="invisible">1</attribute>
                </field>

                <field name="employee_id" position="after"  >
                       <field name="expense_date" readonly="1"  attrs="{'invisible':[('expense_date','=',False)]}" />
                       <field name="approve_date" readonly="1"  attrs="{'invisible':[('approve_date','=',False)]}" />
                       <field name="expense_submit" invisible="1"/>
                       <field name="meeting_date" readonly="1"  attrs="{'invisible':[('meeting_date','=',False)]}" />
                       <field name="can_edit_name" invisible="1"/>
                </field>


                <field name="employee_id" position="attributes"  >
                      <attribute name="readonly">1</attribute>
                </field>

                <field name="employee_id" position="attributes"  >
                      <attribute name="options">{'no_create': True,'no_open': True}</attribute>
                </field>

                <field name="journal_id" position="after"  >
                      <field name="parent_id"  invisible="1" />
                      <field name="meeting_id"  invisible="1"/>
                      <field name="expense_note" color="red" attrs="{'invisible':[('expense_note','=',False)]}" />
                      <field name="expense_meeting_id" invisible="1" string="Back To Meeting"/>
                      <field name="meeting_address" readonly="1" attrs="{'invisible':[('meeting_address','=',False)]}" />
                      
                       <!-- <field name="reason" class="oe_inline" /> -->
                </field>
                
                <field name="journal_id" position="attributes"  >
                      <attribute name="invisible">1</attribute>
                </field>

                <field name="payment_mode" position="attributes"  >
                      <attribute name="invisible">1</attribute>
                </field>


                 <field name="company_id" position="attributes">
                      <attribute name="invisible">1</attribute>
                </field>

                <field name="employee_id" position="after" >
                    <field name="reason" class="oe_inline"  style="color: red;" attrs="{'invisible': [('reason','=',False)]}"/>
                </field>

                <!-- <xpath expr="//sheet/div[2]" position="after">
                    <field name="reason" style="color: red;"/>
                </xpath> -->

            </field>
        </record>

        <record id="view_hr_expense_sheet_filter_extension" model="ir.ui.view">
            <field name="name">hr.expense.sheet.filter</field>
            <field name="inherit_id" ref="hr_expense.view_hr_expense_sheet_filter" />
            <field name="model">hr.expense.sheet</field>
            <field name="arch" type="xml">

              <filter name="submitted" position="replace">
                <filter domain="[('state', 'in', ('submit','manager_approve'))]" string="To Approve" name="submitted" help="Confirmed Expenses"/>
              </filter>


            </field>
        </record>

        <record id="view_hr_expense_sheet_tree_extension" model="ir.ui.view">
            <field name="name">hr.expense.sheet.tree</field>
            <field name="inherit_id" ref="hr_expense.view_hr_expense_sheet_tree" />
            <field name="model">hr.expense.sheet</field>
            <field name="arch" type="xml">

                <field name="accounting_date" position="attributes">
                      <attribute name="invisible">1</attribute>
                </field>

                <field name="name" position="after" >
                    <field name="expense_date" />
                    <field name="meeting_date"/>
                </field>

            </field>
        </record>

        <record id="hr_expense_actions_my_unsubmitted_ext" model="ir.actions.act_window">
            <field name="name">Expenses</field>
            <field name="res_model">hr.expense</field>
            <field name="view_mode">tree,kanban,form,graph,pivot</field>
            <field name="domain">[('employee_id.user_id', '=', uid)]</field>
        </record>




    <record id="view_expense_approver_config_form" model="ir.ui.view">
      <field name="name">hr.expense.wpconfig.form</field>
      <field name="model">hr.expense.wpconfig</field>
      <field name="arch" type="xml">
        <form>
          <group>
            <group>
              <field name="name" attrs="{'invisible':[('name','=',False)]}" />
              <field name="company_id" required="1" />
            </group>

             <group string="Approver">
                <field name="expense_approver_one2many" nolabel="1">
                  <tree editable='bottom' >
                    <field name="sequence" widget="handle"/>
                    <field name="approver"/>
                  </tree>
                </field>
              </group>
          </group>

        </form>
      </field>
    </record>

    <record id="action_expense_approver_config" model="ir.actions.act_window">
      <field name="name">Expense Approver Config</field>
      <field name="type">ir.actions.act_window</field>
      <field name="res_model">hr.expense.wpconfig</field>
      <field name="view_type">form</field>
      <field name="view_mode">tree,form</field>
    </record>

</odoo>