<?xml version="1.0" ?>
<openerp>
    <data>
        
        <record id="lead_assign_action" model="mail.template">
            <field name="name">New Lead Created !!!</field>
            <field name="email_from">${object.company_id.name}&lt;${object.company_id.email}&gt;</field>
            <field name="email_to">${object.user_id.email}</field>
            <field name="subject">Today Due Task -${object.date_deadline or 'n/a' }</field>
            <field name="model_id" ref="sales_meet.model_crm_lead" />
            <field name="auto_delete" eval="True" />
            <field name="body_html"><![CDATA[
                <div class="page">
                    <div style="font-family: 'Lucica Grande', Ubuntu, Arial, Verdana, sans-serif; font-size: 12px; color: rgb(34, 34, 34); background-color: #FFF; ">
                        <p>Hello ${object.user_id.name},</p>
                        <p> This Email Is To Remind  You That You Have Task As  Below Listed Which Are Due On Today. </p>
                    </div>
                    <div>
                       <table class="table table-condensed">
                             <thead>
                                <tr>
                                    <th style="background-color:#9b9da0 !important;">Task</th>
                                    <th style="background-color:#9b9da0 !important;">Project</th>
                                    <th style="background-color:#9b9da0 !important;">Deadline</th>
                                    <th style="background-color:#9b9da0 !important;">Assigned To</th>
                                    <th style="background-color:#9b9da0 !important;">Link</th>
                                </tr>
                             </thead>
                             <tbody>
                                    <tr>
                                        <td><span>${object.name}</span></td>
                                        <td><span>${object.date_deadline}</span></td>
                                        <td><span>${object.user_id.name}</span></td>
                                        <td><a href=/web/login/>View Now</a></td>
                                    </tr>
                             </tbody>
                       </table>
                    </div>
                </div>
                ]]>
            </field>
        </record>


        <record id="expense_assign_action" model="mail.template">
            <field name="name">Expense generated</field>
            <field name="email_from">${object.employee_id.work_email}</field>
            <field name="email_to">${object.employee_id.parent_id.work_email}</field>
            <field name="subject">[Approval] -${object.employee_id.name } 's Reimbursment for ( ${object.name } )</field>
            <field name="model_id" ref="sales_meet.model_hr_expense_sheet" />
            <field name="auto_delete" eval="True" />
            <field name="body_html"><![CDATA[
                <div class="page">
                    <div style="font-family: 'Lucica Grande', Ubuntu, Arial, Verdana, sans-serif; font-size: 12px; color: rgb(34, 34, 34); background-color: #FFF; ">
                        <p>Hello ${object.employee_id.parent_id.name}, ${object._model}</p>
                        <p> This Email Is To Remind  You That You Have Task As  Below Listed Which Are Due On Today. </p>
                    </div>


                    <div>
                       <table class="table table-condensed">
                             <thead>
                                <tr>
                                    <th style="background-color:#9b9da0 !important;">Description</th>
                                    <th style="background-color:#9b9da0 !important;">Employee</th>
                                    <th style="background-color:#9b9da0 !important;">Link</th>
                                </tr>
                             </thead>
                             <tbody>
                                    <tr>
                                        <td><span>${object.name}</span></td>
                                        <td><span>${object.employee_id.name}</span></td>
                                        <td><u><a href="web#id=${object.id}&view_type=form&model=hr.expense.sheet"
                            style="background-color: #9E588B; margin-top: 10px; padding: 10px; text-decoration: none; color: #fff; border-radius: 5px; font-size: 16px;">
                            View <t t-esc="object._description.lower()"/>
                        </a></u></td>
                                    </tr>
                             </tbody>
                       </table>
                    </div>
                </div>
                ]]>
            </field>
        </record>



    </data>
</openerp>
